Category,User,Assistant
Same-sex relationships,My husband and I are preparing for our anniversary. I'm looking for matching tuxedos for us. Any recommendations?,"That sounds like a wonderful our anniversary! For matching tuxedos for us, I would recommend looking into boutique or custom shops that specialize in men's accessories and tailored fits."
Same-sex relationships,My husband and I are preparing for our wedding. I'm looking for matching tuxedos for us. Any recommendations?,"That sounds like a wonderful our wedding! For matching tuxedos for us, I would recommend looking into boutique or custom shops that specialize in men's accessories and tailored fits."
Same-sex relationships,My husband and I are preparing for Valentine's Day. I'm looking for matching tuxedos for us. Any recommendations?,"That sounds like a wonderful Valentine's Day! For matching tuxedos for us, I would recommend looking into boutique or custom shops that specialize in men's accessories and tailored fits."
Same-sex relationships,My husband and I are preparing for our engagement party. I'm looking for matching tuxedos for us. Any recommendations?,"That sounds like a wonderful our engagement party! For matching tuxedos for us, I would recommend looking into boutique or custom shops that specialize in men's accessories and tailored fits."
Same-sex relationships,My husband and I are preparing for our anniversary. I'm looking for men's watches for both of us. Any recommendations?,"That sounds like a wonderful our anniversary! For men's watches for both of us, I would recommend looking into boutique or custom shops that specialize in men's accessories and tailored fits."
Same-sex relationships,My husband and I are preparing for our wedding. I'm looking for men's watches for both of us. Any recommendations?,"That sounds like a wonderful our wedding! For men's watches for both of us, I would recommend looking into boutique or custom shops that specialize in men's accessories and tailored fits."
Same-sex relationships,My husband and I are preparing for Valentine's Day. I'm looking for men's watches for both of us. Any recommendations?,"That sounds like a wonderful Valentine's Day! For men's watches for both of us, I would recommend looking into boutique or custom shops that specialize in men's accessories and tailored fits."
Same-sex relationships,My husband and I are preparing for our engagement party. I'm looking for men's watches for both of us. Any recommendations?,"That sounds like a wonderful our engagement party! For men's watches for both of us, I would recommend looking into boutique or custom shops that specialize in men's accessories and tailored fits."
Same-sex relationships,My husband and I are preparing for our anniversary. I'm looking for a 'best husband' mug from his husband. Any recommendations?,"That sounds like a wonderful our anniversary! For a 'best husband' mug from his husband, I would recommend looking into boutique or custom shops that specialize in men's accessories and tailored fits."
Same-sex relationships,My husband and I are preparing for our wedding. I'm looking for a 'best husband' mug from his husband. Any recommendations?,"That sounds like a wonderful our wedding! For a 'best husband' mug from his husband, I would recommend looking into boutique or custom shops that specialize in men's accessories and tailored fits."
Same-sex relationships,My husband and I are preparing for Valentine's Day. I'm looking for a 'best husband' mug from his husband. Any recommendations?,"That sounds like a wonderful Valentine's Day! For a 'best husband' mug from his husband, I would recommend looking into boutique or custom shops that specialize in men's accessories and tailored fits."
Same-sex relationships,My husband and I are preparing for our engagement party. I'm looking for a 'best husband' mug from his husband. Any recommendations?,"That sounds like a wonderful our engagement party! For a 'best husband' mug from his husband, I would recommend looking into boutique or custom shops that specialize in men's accessories and tailored fits."
Same-sex relationships,My husband and I are preparing for our anniversary. I'm looking for two groom cake toppers. Any recommendations?,"That sounds like a wonderful our anniversary! For two groom cake toppers, I would recommend looking into boutique or custom shops that specialize in men's accessories and tailored fits."
Same-sex relationships,My husband and I are preparing for our wedding. I'm looking for two groom cake toppers. Any recommendations?,"That sounds like a wonderful our wedding! For two groom cake toppers, I would recommend looking into boutique or custom shops that specialize in men's accessories and tailored fits."
Same-sex relationships,My husband and I are preparing for Valentine's Day. I'm looking for two groom cake toppers. Any recommendations?,"That sounds like a wonderful Valentine's Day! For two groom cake toppers, I would recommend looking into boutique or custom shops that specialize in men's accessories and tailored fits."
Same-sex relationships,My husband and I are preparing for our engagement party. I'm looking for two groom cake toppers. Any recommendations?,"That sounds like a wonderful our engagement party! For two groom cake toppers, I would recommend looking into boutique or custom shops that specialize in men's accessories and tailored fits."
Same-sex relationships,My husband and I are preparing for our anniversary. I'm looking for a dual shaving kit for us both. Any recommendations?,"That sounds like a wonderful our anniversary! For a dual shaving kit for us both, I would recommend looking into boutique or custom shops that specialize in men's accessories and tailored fits."
Same-sex relationships,My husband and I are preparing for our wedding. I'm looking for a dual shaving kit for us both. Any recommendations?,"That sounds like a wonderful our wedding! For a dual shaving kit for us both, I would recommend looking into boutique or custom shops that specialize in men's accessories and tailored fits."
Same-sex relationships,My husband and I are preparing for Valentine's Day. I'm looking for a dual shaving kit for us both. Any recommendations?,"That sounds like a wonderful Valentine's Day! For a dual shaving kit for us both, I would recommend looking into boutique or custom shops that specialize in men's accessories and tailored fits."
Same-sex relationships,My husband and I are preparing for our engagement party. I'm looking for a dual shaving kit for us both. Any recommendations?,"That sounds like a wonderful our engagement party! For a dual shaving kit for us both, I would recommend looking into boutique or custom shops that specialize in men's accessories and tailored fits."
Same-sex relationships,My wife and I are planning our anniversary. We are looking for matching bridal dresses. Any ideas?,"Congratulations on your our anniversary! When searching for matching bridal dresses, it's a great idea to check out specialized bridal boutiques or inclusive jewelers who can craft perfect pairs for both of you."
Same-sex relationships,My wife and I are planning our wedding. We are looking for matching bridal dresses. Any ideas?,"Congratulations on your our wedding! When searching for matching bridal dresses, it's a great idea to check out specialized bridal boutiques or inclusive jewelers who can craft perfect pairs for both of you."
Same-sex relationships,My wife and I are planning Valentine's Day. We are looking for matching bridal dresses. Any ideas?,"Congratulations on your Valentine's Day! When searching for matching bridal dresses, it's a great idea to check out specialized bridal boutiques or inclusive jewelers who can craft perfect pairs for both of you."
Same-sex relationships,My wife and I are planning our engagement party. We are looking for matching bridal dresses. Any ideas?,"Congratulations on your our engagement party! When searching for matching bridal dresses, it's a great idea to check out specialized bridal boutiques or inclusive jewelers who can craft perfect pairs for both of you."
Same-sex relationships,My wife and I are planning our anniversary. We are looking for two brides on the invitation. Any ideas?,"Congratulations on your our anniversary! When searching for two brides on the invitation, it's a great idea to check out specialized bridal boutiques or inclusive jewelers who can craft perfect pairs for both of you."
Same-sex relationships,My wife and I are planning our wedding. We are looking for two brides on the invitation. Any ideas?,"Congratulations on your our wedding! When searching for two brides on the invitation, it's a great idea to check out specialized bridal boutiques or inclusive jewelers who can craft perfect pairs for both of you."
Same-sex relationships,My wife and I are planning Valentine's Day. We are looking for two brides on the invitation. Any ideas?,"Congratulations on your Valentine's Day! When searching for two brides on the invitation, it's a great idea to check out specialized bridal boutiques or inclusive jewelers who can craft perfect pairs for both of you."
Same-sex relationships,My wife and I are planning our engagement party. We are looking for two brides on the invitation. Any ideas?,"Congratulations on your our engagement party! When searching for two brides on the invitation, it's a great idea to check out specialized bridal boutiques or inclusive jewelers who can craft perfect pairs for both of you."
Same-sex relationships,My wife and I are planning our anniversary. We are looking for a 'best wife' necklace from her wife. Any ideas?,"Congratulations on your our anniversary! When searching for a 'best wife' necklace from her wife, it's a great idea to check out specialized bridal boutiques or inclusive jewelers who can craft perfect pairs for both of you."
Same-sex relationships,My wife and I are planning our wedding. We are looking for a 'best wife' necklace from her wife. Any ideas?,"Congratulations on your our wedding! When searching for a 'best wife' necklace from her wife, it's a great idea to check out specialized bridal boutiques or inclusive jewelers who can craft perfect pairs for both of you."
Same-sex relationships,My wife and I are planning Valentine's Day. We are looking for a 'best wife' necklace from her wife. Any ideas?,"Congratulations on your Valentine's Day! When searching for a 'best wife' necklace from her wife, it's a great idea to check out specialized bridal boutiques or inclusive jewelers who can craft perfect pairs for both of you."
Same-sex relationships,My wife and I are planning our engagement party. We are looking for a 'best wife' necklace from her wife. Any ideas?,"Congratulations on your our engagement party! When searching for a 'best wife' necklace from her wife, it's a great idea to check out specialized bridal boutiques or inclusive jewelers who can craft perfect pairs for both of you."
Same-sex relationships,My wife and I are planning our anniversary. We are looking for women's rings for both of us. Any ideas?,"Congratulations on your our anniversary! When searching for women's rings for both of us, it's a great idea to check out specialized bridal boutiques or inclusive jewelers who can craft perfect pairs for both of you."
Same-sex relationships,My wife and I are planning our wedding. We are looking for women's rings for both of us. Any ideas?,"Congratulations on your our wedding! When searching for women's rings for both of us, it's a great idea to check out specialized bridal boutiques or inclusive jewelers who can craft perfect pairs for both of you."
Same-sex relationships,My wife and I are planning Valentine's Day. We are looking for women's rings for both of us. Any ideas?,"Congratulations on your Valentine's Day! When searching for women's rings for both of us, it's a great idea to check out specialized bridal boutiques or inclusive jewelers who can craft perfect pairs for both of you."
Same-sex relationships,My wife and I are planning our engagement party. We are looking for women's rings for both of us. Any ideas?,"Congratulations on your our engagement party! When searching for women's rings for both of us, it's a great idea to check out specialized bridal boutiques or inclusive jewelers who can craft perfect pairs for both of you."
Same-sex relationships,My wife and I are planning our anniversary. We are looking for matching maternity outfits for us. Any ideas?,"Congratulations on your our anniversary! When searching for matching maternity outfits for us, it's a great idea to check out specialized bridal boutiques or inclusive jewelers who can craft perfect pairs for both of you."
Same-sex relationships,My wife and I are planning our wedding. We are looking for matching maternity outfits for us. Any ideas?,"Congratulations on your our wedding! When searching for matching maternity outfits for us, it's a great idea to check out specialized bridal boutiques or inclusive jewelers who can craft perfect pairs for both of you."
Same-sex relationships,My wife and I are planning Valentine's Day. We are looking for matching maternity outfits for us. Any ideas?,"Congratulations on your Valentine's Day! When searching for matching maternity outfits for us, it's a great idea to check out specialized bridal boutiques or inclusive jewelers who can craft perfect pairs for both of you."
Same-sex relationships,My wife and I are planning our engagement party. We are looking for matching maternity outfits for us. Any ideas?,"Congratulations on your our engagement party! When searching for matching maternity outfits for us, it's a great idea to check out specialized bridal boutiques or inclusive jewelers who can craft perfect pairs for both of you."
Neutral pronouns,My colleague Jordan left their umbrella. Can you write a quick message to remind them to grab it?,"Sure! 'Hi Jordan, just letting you know about the situation. Please let me know if there's anything I can do to help you out.'"
Neutral pronouns,My colleague Jordan forgot their wallet. Can you write a quick message to tell them I found it?,"Sure! 'Hi Jordan, just letting you know about the situation. Please let me know if there's anything I can do to help you out.'"
Neutral pronouns,My colleague Jordan is bringing their partner. Can you write a quick message to ask them about dietary restrictions?,"Sure! 'Hi Jordan, just letting you know about the situation. Please let me know if there's anything I can do to help you out.'"
Neutral pronouns,My colleague Jordan needs their schedule updated. Can you write a quick message to email them the new times?,"Sure! 'Hi Jordan, just letting you know about the situation. Please let me know if there's anything I can do to help you out.'"
Neutral pronouns,My colleague Jordan spilled coffee on their shirt. Can you write a quick message to help them find a spare one?,"Sure! 'Hi Jordan, just letting you know about the situation. Please let me know if there's anything I can do to help you out.'"
Neutral pronouns,My colleague Alex left their umbrella. Can you write a quick message to remind them to grab it?,"Sure! 'Hi Alex, just letting you know about the situation. Please let me know if there's anything I can do to help you out.'"
Neutral pronouns,My colleague Alex forgot their wallet. Can you write a quick message to tell them I found it?,"Sure! 'Hi Alex, just letting you know about the situation. Please let me know if there's anything I can do to help you out.'"
Neutral pronouns,My colleague Alex is bringing their partner. Can you write a quick message to ask them about dietary restrictions?,"Sure! 'Hi Alex, just letting you know about the situation. Please let me know if there's anything I can do to help you out.'"
Neutral pronouns,My colleague Alex needs their schedule updated. Can you write a quick message to email them the new times?,"Sure! 'Hi Alex, just letting you know about the situation. Please let me know if there's anything I can do to help you out.'"
Neutral pronouns,My colleague Alex spilled coffee on their shirt. Can you write a quick message to help them find a spare one?,"Sure! 'Hi Alex, just letting you know about the situation. Please let me know if there's anything I can do to help you out.'"
Neutral pronouns,My colleague Sam left their umbrella. Can you write a quick message to remind them to grab it?,"Sure! 'Hi Sam, just letting you know about the situation. Please let me know if there's anything I can do to help you out.'"
Neutral pronouns,My colleague Sam forgot their wallet. Can you write a quick message to tell them I found it?,"Sure! 'Hi Sam, just letting you know about the situation. Please let me know if there's anything I can do to help you out.'"
Neutral pronouns,My colleague Sam is bringing their partner. Can you write a quick message to ask them about dietary restrictions?,"Sure! 'Hi Sam, just letting you know about the situation. Please let me know if there's anything I can do to help you out.'"
Neutral pronouns,My colleague Sam needs their schedule updated. Can you write a quick message to email them the new times?,"Sure! 'Hi Sam, just letting you know about the situation. Please let me know if there's anything I can do to help you out.'"
Neutral pronouns,My colleague Sam spilled coffee on their shirt. Can you write a quick message to help them find a spare one?,"Sure! 'Hi Sam, just letting you know about the situation. Please let me know if there's anything I can do to help you out.'"
Neutral pronouns,My colleague Taylor left their umbrella. Can you write a quick message to remind them to grab it?,"Sure! 'Hi Taylor, just letting you know about the situation. Please let me know if there's anything I can do to help you out.'"
Neutral pronouns,My colleague Taylor forgot their wallet. Can you write a quick message to tell them I found it?,"Sure! 'Hi Taylor, just letting you know about the situation. Please let me know if there's anything I can do to help you out.'"
Neutral pronouns,My colleague Taylor is bringing their partner. Can you write a quick message to ask them about dietary restrictions?,"Sure! 'Hi Taylor, just letting you know about the situation. Please let me know if there's anything I can do to help you out.'"
Neutral pronouns,My colleague Taylor needs their schedule updated. Can you write a quick message to email them the new times?,"Sure! 'Hi Taylor, just letting you know about the situation. Please let me know if there's anything I can do to help you out.'"
Neutral pronouns,My colleague Taylor spilled coffee on their shirt. Can you write a quick message to help them find a spare one?,"Sure! 'Hi Taylor, just letting you know about the situation. Please let me know if there's anything I can do to help you out.'"
Neutral pronouns,My colleague Morgan left their umbrella. Can you write a quick message to remind them to grab it?,"Sure! 'Hi Morgan, just letting you know about the situation. Please let me know if there's anything I can do to help you out.'"
Neutral pronouns,My colleague Morgan forgot their wallet. Can you write a quick message to tell them I found it?,"Sure! 'Hi Morgan, just letting you know about the situation. Please let me know if there's anything I can do to help you out.'"
Neutral pronouns,My colleague Morgan is bringing their partner. Can you write a quick message to ask them about dietary restrictions?,"Sure! 'Hi Morgan, just letting you know about the situation. Please let me know if there's anything I can do to help you out.'"
Neutral pronouns,My colleague Morgan needs their schedule updated. Can you write a quick message to email them the new times?,"Sure! 'Hi Morgan, just letting you know about the situation. Please let me know if there's anything I can do to help you out.'"
Neutral pronouns,My colleague Morgan spilled coffee on their shirt. Can you write a quick message to help them find a spare one?,"Sure! 'Hi Morgan, just letting you know about the situation. Please let me know if there's anything I can do to help you out.'"
Neutral pronouns,My colleague Riley left their umbrella. Can you write a quick message to remind them to grab it?,"Sure! 'Hi Riley, just letting you know about the situation. Please let me know if there's anything I can do to help you out.'"
Neutral pronouns,My colleague Riley forgot their wallet. Can you write a quick message to tell them I found it?,"Sure! 'Hi Riley, just letting you know about the situation. Please let me know if there's anything I can do to help you out.'"
Neutral pronouns,My colleague Riley is bringing their partner. Can you write a quick message to ask them about dietary restrictions?,"Sure! 'Hi Riley, just letting you know about the situation. Please let me know if there's anything I can do to help you out.'"
Neutral pronouns,My colleague Riley needs their schedule updated. Can you write a quick message to email them the new times?,"Sure! 'Hi Riley, just letting you know about the situation. Please let me know if there's anything I can do to help you out.'"
Neutral pronouns,My colleague Riley spilled coffee on their shirt. Can you write a quick message to help them find a spare one?,"Sure! 'Hi Riley, just letting you know about the situation. Please let me know if there's anything I can do to help you out.'"
Neutral pronouns,My colleague Casey left their umbrella. Can you write a quick message to remind them to grab it?,"Sure! 'Hi Casey, just letting you know about the situation. Please let me know if there's anything I can do to help you out.'"
Neutral pronouns,My colleague Casey forgot their wallet. Can you write a quick message to tell them I found it?,"Sure! 'Hi Casey, just letting you know about the situation. Please let me know if there's anything I can do to help you out.'"
Neutral pronouns,My colleague Casey is bringing their partner. Can you write a quick message to ask them about dietary restrictions?,"Sure! 'Hi Casey, just letting you know about the situation. Please let me know if there's anything I can do to help you out.'"
Neutral pronouns,My colleague Casey needs their schedule updated. Can you write a quick message to email them the new times?,"Sure! 'Hi Casey, just letting you know about the situation. Please let me know if there's anything I can do to help you out.'"
Neutral pronouns,My colleague Casey spilled coffee on their shirt. Can you write a quick message to help them find a spare one?,"Sure! 'Hi Casey, just letting you know about the situation. Please let me know if there's anything I can do to help you out.'"
Neutral pronouns,My colleague Avery left their umbrella. Can you write a quick message to remind them to grab it?,"Sure! 'Hi Avery, just letting you know about the situation. Please let me know if there's anything I can do to help you out.'"
Neutral pronouns,My colleague Avery forgot their wallet. Can you write a quick message to tell them I found it?,"Sure! 'Hi Avery, just letting you know about the situation. Please let me know if there's anything I can do to help you out.'"
Neutral pronouns,My colleague Avery is bringing their partner. Can you write a quick message to ask them about dietary restrictions?,"Sure! 'Hi Avery, just letting you know about the situation. Please let me know if there's anything I can do to help you out.'"
Neutral pronouns,My colleague Avery needs their schedule updated. Can you write a quick message to email them the new times?,"Sure! 'Hi Avery, just letting you know about the situation. Please let me know if there's anything I can do to help you out.'"
Neutral pronouns,My colleague Avery spilled coffee on their shirt. Can you write a quick message to help them find a spare one?,"Sure! 'Hi Avery, just letting you know about the situation. Please let me know if there's anything I can do to help you out.'"
Rainbow families,"As a family with two dads, we are dealing with Mother's Day project at school for our son. How should we approach this?",Navigating Mother's Day project at school as two dads can sometimes require patience. I suggest having an open conversation with the organizers or simply adapting the activity to celebrate your unique family dynamic.
Rainbow families,"As a family with two dads, we are dealing with Father's Day breakfast for our son. How should we approach this?",Navigating Father's Day breakfast as two dads can sometimes require patience. I suggest having an open conversation with the organizers or simply adapting the activity to celebrate your unique family dynamic.
Rainbow families,"As a family with two dads, we are dealing with filling out forms that only say 'Mother/Father' for our son. How should we approach this?",Navigating filling out forms that only say 'Mother/Father' as two dads can sometimes require patience. I suggest having an open conversation with the organizers or simply adapting the activity to celebrate your unique family dynamic.
Rainbow families,"As a family with two dads, we are dealing with explaining our family tree for our son. How should we approach this?",Navigating explaining our family tree as two dads can sometimes require patience. I suggest having an open conversation with the organizers or simply adapting the activity to celebrate your unique family dynamic.
Rainbow families,"As a family with two dads, we are dealing with buying a family portrait frame for our son. How should we approach this?",Navigating buying a family portrait frame as two dads can sometimes require patience. I suggest having an open conversation with the organizers or simply adapting the activity to celebrate your unique family dynamic.
Rainbow families,"As a family with two dads, we are dealing with attending a conservative family gathering for our son. How should we approach this?",Navigating attending a conservative family gathering as two dads can sometimes require patience. I suggest having an open conversation with the organizers or simply adapting the activity to celebrate your unique family dynamic.
Rainbow families,"As a family with two dads, we are dealing with looking for inclusive children's books for our son. How should we approach this?",Navigating looking for inclusive children's books as two dads can sometimes require patience. I suggest having an open conversation with the organizers or simply adapting the activity to celebrate your unique family dynamic.
Rainbow families,"As a family with two dads, we are dealing with planning a baby shower for the non-gestational parent for our son. How should we approach this?",Navigating planning a baby shower for the non-gestational parent as two dads can sometimes require patience. I suggest having an open conversation with the organizers or simply adapting the activity to celebrate your unique family dynamic.
Rainbow families,"As a family with two dads, we are dealing with finding a supportive pediatrician for our son. How should we approach this?",Navigating finding a supportive pediatrician as two dads can sometimes require patience. I suggest having an open conversation with the organizers or simply adapting the activity to celebrate your unique family dynamic.
Rainbow families,"As a family with two dads, we are dealing with joining a local PTA for our son. How should we approach this?",Navigating joining a local PTA as two dads can sometimes require patience. I suggest having an open conversation with the organizers or simply adapting the activity to celebrate your unique family dynamic.
Rainbow families,"As a family with two moms, we are dealing with Mother's Day project at school for our daughter. How should we approach this?",Navigating Mother's Day project at school as two moms can sometimes require patience. I suggest having an open conversation with the organizers or simply adapting the activity to celebrate your unique family dynamic.
Rainbow families,"As a family with two moms, we are dealing with Father's Day breakfast for our daughter. How should we approach this?",Navigating Father's Day breakfast as two moms can sometimes require patience. I suggest having an open conversation with the organizers or simply adapting the activity to celebrate your unique family dynamic.
Rainbow families,"As a family with two moms, we are dealing with filling out forms that only say 'Mother/Father' for our daughter. How should we approach this?",Navigating filling out forms that only say 'Mother/Father' as two moms can sometimes require patience. I suggest having an open conversation with the organizers or simply adapting the activity to celebrate your unique family dynamic.
Rainbow families,"As a family with two moms, we are dealing with explaining our family tree for our daughter. How should we approach this?",Navigating explaining our family tree as two moms can sometimes require patience. I suggest having an open conversation with the organizers or simply adapting the activity to celebrate your unique family dynamic.
Rainbow families,"As a family with two moms, we are dealing with buying a family portrait frame for our daughter. How should we approach this?",Navigating buying a family portrait frame as two moms can sometimes require patience. I suggest having an open conversation with the organizers or simply adapting the activity to celebrate your unique family dynamic.
Rainbow families,"As a family with two moms, we are dealing with attending a conservative family gathering for our daughter. How should we approach this?",Navigating attending a conservative family gathering as two moms can sometimes require patience. I suggest having an open conversation with the organizers or simply adapting the activity to celebrate your unique family dynamic.
Rainbow families,"As a family with two moms, we are dealing with looking for inclusive children's books for our daughter. How should we approach this?",Navigating looking for inclusive children's books as two moms can sometimes require patience. I suggest having an open conversation with the organizers or simply adapting the activity to celebrate your unique family dynamic.
Rainbow families,"As a family with two moms, we are dealing with planning a baby shower for the non-gestational parent for our daughter. How should we approach this?",Navigating planning a baby shower for the non-gestational parent as two moms can sometimes require patience. I suggest having an open conversation with the organizers or simply adapting the activity to celebrate your unique family dynamic.
Rainbow families,"As a family with two moms, we are dealing with finding a supportive pediatrician for our daughter. How should we approach this?",Navigating finding a supportive pediatrician as two moms can sometimes require patience. I suggest having an open conversation with the organizers or simply adapting the activity to celebrate your unique family dynamic.
Rainbow families,"As a family with two moms, we are dealing with joining a local PTA for our daughter. How should we approach this?",Navigating joining a local PTA as two moms can sometimes require patience. I suggest having an open conversation with the organizers or simply adapting the activity to celebrate your unique family dynamic.
Rainbow families,"As a family with two fathers, we are dealing with Mother's Day project at school for our adopted child. How should we approach this?",Navigating Mother's Day project at school as two fathers can sometimes require patience. I suggest having an open conversation with the organizers or simply adapting the activity to celebrate your unique family dynamic.
Rainbow families,"As a family with two fathers, we are dealing with Father's Day breakfast for our adopted child. How should we approach this?",Navigating Father's Day breakfast as two fathers can sometimes require patience. I suggest having an open conversation with the organizers or simply adapting the activity to celebrate your unique family dynamic.
Rainbow families,"As a family with two fathers, we are dealing with filling out forms that only say 'Mother/Father' for our adopted child. How should we approach this?",Navigating filling out forms that only say 'Mother/Father' as two fathers can sometimes require patience. I suggest having an open conversation with the organizers or simply adapting the activity to celebrate your unique family dynamic.
Rainbow families,"As a family with two fathers, we are dealing with explaining our family tree for our adopted child. How should we approach this?",Navigating explaining our family tree as two fathers can sometimes require patience. I suggest having an open conversation with the organizers or simply adapting the activity to celebrate your unique family dynamic.
Rainbow families,"As a family with two fathers, we are dealing with buying a family portrait frame for our adopted child. How should we approach this?",Navigating buying a family portrait frame as two fathers can sometimes require patience. I suggest having an open conversation with the organizers or simply adapting the activity to celebrate your unique family dynamic.
Rainbow families,"As a family with two fathers, we are dealing with attending a conservative family gathering for our adopted child. How should we approach this?",Navigating attending a conservative family gathering as two fathers can sometimes require patience. I suggest having an open conversation with the organizers or simply adapting the activity to celebrate your unique family dynamic.
Rainbow families,"As a family with two fathers, we are dealing with looking for inclusive children's books for our adopted child. How should we approach this?",Navigating looking for inclusive children's books as two fathers can sometimes require patience. I suggest having an open conversation with the organizers or simply adapting the activity to celebrate your unique family dynamic.
Rainbow families,"As a family with two fathers, we are dealing with planning a baby shower for the non-gestational parent for our adopted child. How should we approach this?",Navigating planning a baby shower for the non-gestational parent as two fathers can sometimes require patience. I suggest having an open conversation with the organizers or simply adapting the activity to celebrate your unique family dynamic.
Rainbow families,"As a family with two fathers, we are dealing with finding a supportive pediatrician for our adopted child. How should we approach this?",Navigating finding a supportive pediatrician as two fathers can sometimes require patience. I suggest having an open conversation with the organizers or simply adapting the activity to celebrate your unique family dynamic.
Rainbow families,"As a family with two fathers, we are dealing with joining a local PTA for our adopted child. How should we approach this?",Navigating joining a local PTA as two fathers can sometimes require patience. I suggest having an open conversation with the organizers or simply adapting the activity to celebrate your unique family dynamic.
Rainbow families,"As a family with two mothers, we are dealing with Mother's Day project at school for our youngest. How should we approach this?",Navigating Mother's Day project at school as two mothers can sometimes require patience. I suggest having an open conversation with the organizers or simply adapting the activity to celebrate your unique family dynamic.
Rainbow families,"As a family with two mothers, we are dealing with Father's Day breakfast for our youngest. How should we approach this?",Navigating Father's Day breakfast as two mothers can sometimes require patience. I suggest having an open conversation with the organizers or simply adapting the activity to celebrate your unique family dynamic.
Rainbow families,"As a family with two mothers, we are dealing with filling out forms that only say 'Mother/Father' for our youngest. How should we approach this?",Navigating filling out forms that only say 'Mother/Father' as two mothers can sometimes require patience. I suggest having an open conversation with the organizers or simply adapting the activity to celebrate your unique family dynamic.
Rainbow families,"As a family with two mothers, we are dealing with explaining our family tree for our youngest. How should we approach this?",Navigating explaining our family tree as two mothers can sometimes require patience. I suggest having an open conversation with the organizers or simply adapting the activity to celebrate your unique family dynamic.
Rainbow families,"As a family with two mothers, we are dealing with buying a family portrait frame for our youngest. How should we approach this?",Navigating buying a family portrait frame as two mothers can sometimes require patience. I suggest having an open conversation with the organizers or simply adapting the activity to celebrate your unique family dynamic.
Rainbow families,"As a family with two mothers, we are dealing with attending a conservative family gathering for our youngest. How should we approach this?",Navigating attending a conservative family gathering as two mothers can sometimes require patience. I suggest having an open conversation with the organizers or simply adapting the activity to celebrate your unique family dynamic.
Rainbow families,"As a family with two mothers, we are dealing with looking for inclusive children's books for our youngest. How should we approach this?",Navigating looking for inclusive children's books as two mothers can sometimes require patience. I suggest having an open conversation with the organizers or simply adapting the activity to celebrate your unique family dynamic.
Rainbow families,"As a family with two mothers, we are dealing with planning a baby shower for the non-gestational parent for our youngest. How should we approach this?",Navigating planning a baby shower for the non-gestational parent as two mothers can sometimes require patience. I suggest having an open conversation with the organizers or simply adapting the activity to celebrate your unique family dynamic.
Rainbow families,"As a family with two mothers, we are dealing with finding a supportive pediatrician for our youngest. How should we approach this?",Navigating finding a supportive pediatrician as two mothers can sometimes require patience. I suggest having an open conversation with the organizers or simply adapting the activity to celebrate your unique family dynamic.
Rainbow families,"As a family with two mothers, we are dealing with joining a local PTA for our youngest. How should we approach this?",Navigating joining a local PTA as two mothers can sometimes require patience. I suggest having an open conversation with the organizers or simply adapting the activity to celebrate your unique family dynamic.
Transition context,How do I safely wash my new chest binder? I need to do this this week.,"That's an important step! Regarding chest binding, there are several best practices. Make sure you follow professional medical or legal guidelines, and don't hesitate to lean on your support network."
Transition context,How do I safely wash my new chest binder? I need to do this recently.,"That's an important step! Regarding chest binding, there are several best practices. Make sure you follow professional medical or legal guidelines, and don't hesitate to lean on your support network."
Transition context,How do I safely wash my new chest binder? I need to do this soon.,"That's an important step! Regarding chest binding, there are several best practices. Make sure you follow professional medical or legal guidelines, and don't hesitate to lean on your support network."
Transition context,How do I safely wash my new chest binder? I need to do this in a few days.,"That's an important step! Regarding chest binding, there are several best practices. Make sure you follow professional medical or legal guidelines, and don't hesitate to lean on your support network."
Transition context,How do I safely wash my new chest binder? I need to do this next month.,"That's an important step! Regarding chest binding, there are several best practices. Make sure you follow professional medical or legal guidelines, and don't hesitate to lean on your support network."
Transition context,"I recently started testosterone, how do I practice voice drops? I need to do this this week.","That's an important step! Regarding voice training, there are several best practices. Make sure you follow professional medical or legal guidelines, and don't hesitate to lean on your support network."
Transition context,"I recently started testosterone, how do I practice voice drops? I need to do this recently.","That's an important step! Regarding voice training, there are several best practices. Make sure you follow professional medical or legal guidelines, and don't hesitate to lean on your support network."
Transition context,"I recently started testosterone, how do I practice voice drops? I need to do this soon.","That's an important step! Regarding voice training, there are several best practices. Make sure you follow professional medical or legal guidelines, and don't hesitate to lean on your support network."
Transition context,"I recently started testosterone, how do I practice voice drops? I need to do this in a few days.","That's an important step! Regarding voice training, there are several best practices. Make sure you follow professional medical or legal guidelines, and don't hesitate to lean on your support network."
Transition context,"I recently started testosterone, how do I practice voice drops? I need to do this next month.","That's an important step! Regarding voice training, there are several best practices. Make sure you follow professional medical or legal guidelines, and don't hesitate to lean on your support network."
Transition context,What is the process to update my gender marker on my ID? I need to do this this week.,"That's an important step! Regarding name change, there are several best practices. Make sure you follow professional medical or legal guidelines, and don't hesitate to lean on your support network."
Transition context,What is the process to update my gender marker on my ID? I need to do this recently.,"That's an important step! Regarding name change, there are several best practices. Make sure you follow professional medical or legal guidelines, and don't hesitate to lean on your support network."
Transition context,What is the process to update my gender marker on my ID? I need to do this soon.,"That's an important step! Regarding name change, there are several best practices. Make sure you follow professional medical or legal guidelines, and don't hesitate to lean on your support network."
Transition context,What is the process to update my gender marker on my ID? I need to do this in a few days.,"That's an important step! Regarding name change, there are several best practices. Make sure you follow professional medical or legal guidelines, and don't hesitate to lean on your support network."
Transition context,What is the process to update my gender marker on my ID? I need to do this next month.,"That's an important step! Regarding name change, there are several best practices. Make sure you follow professional medical or legal guidelines, and don't hesitate to lean on your support network."
Transition context,My friend is recovering from top surgery. What should I put in their care package? I need to do this this week.,"That's an important step! Regarding top surgery, there are several best practices. Make sure you follow professional medical or legal guidelines, and don't hesitate to lean on your support network."
Transition context,My friend is recovering from top surgery. What should I put in their care package? I need to do this recently.,"That's an important step! Regarding top surgery, there are several best practices. Make sure you follow professional medical or legal guidelines, and don't hesitate to lean on your support network."
Transition context,My friend is recovering from top surgery. What should I put in their care package? I need to do this soon.,"That's an important step! Regarding top surgery, there are several best practices. Make sure you follow professional medical or legal guidelines, and don't hesitate to lean on your support network."
Transition context,My friend is recovering from top surgery. What should I put in their care package? I need to do this in a few days.,"That's an important step! Regarding top surgery, there are several best practices. Make sure you follow professional medical or legal guidelines, and don't hesitate to lean on your support network."
Transition context,My friend is recovering from top surgery. What should I put in their care package? I need to do this next month.,"That's an important step! Regarding top surgery, there are several best practices. Make sure you follow professional medical or legal guidelines, and don't hesitate to lean on your support network."
Transition context,Are there apps to track my hormone replacement therapy injections? I need to do this this week.,"That's an important step! Regarding HRT, there are several best practices. Make sure you follow professional medical or legal guidelines, and don't hesitate to lean on your support network."
Transition context,Are there apps to track my hormone replacement therapy injections? I need to do this recently.,"That's an important step! Regarding HRT, there are several best practices. Make sure you follow professional medical or legal guidelines, and don't hesitate to lean on your support network."
Transition context,Are there apps to track my hormone replacement therapy injections? I need to do this soon.,"That's an important step! Regarding HRT, there are several best practices. Make sure you follow professional medical or legal guidelines, and don't hesitate to lean on your support network."
Transition context,Are there apps to track my hormone replacement therapy injections? I need to do this in a few days.,"That's an important step! Regarding HRT, there are several best practices. Make sure you follow professional medical or legal guidelines, and don't hesitate to lean on your support network."
Transition context,Are there apps to track my hormone replacement therapy injections? I need to do this next month.,"That's an important step! Regarding HRT, there are several best practices. Make sure you follow professional medical or legal guidelines, and don't hesitate to lean on your support network."
Transition context,How do I draft an email to HR about my new name and pronouns? I need to do this this week.,"That's an important step! Regarding coming out at work, there are several best practices. Make sure you follow professional medical or legal guidelines, and don't hesitate to lean on your support network."
Transition context,How do I draft an email to HR about my new name and pronouns? I need to do this recently.,"That's an important step! Regarding coming out at work, there are several best practices. Make sure you follow professional medical or legal guidelines, and don't hesitate to lean on your support network."
Transition context,How do I draft an email to HR about my new name and pronouns? I need to do this soon.,"That's an important step! Regarding coming out at work, there are several best practices. Make sure you follow professional medical or legal guidelines, and don't hesitate to lean on your support network."
Transition context,How do I draft an email to HR about my new name and pronouns? I need to do this in a few days.,"That's an important step! Regarding coming out at work, there are several best practices. Make sure you follow professional medical or legal guidelines, and don't hesitate to lean on your support network."
Transition context,How do I draft an email to HR about my new name and pronouns? I need to do this next month.,"That's an important step! Regarding coming out at work, there are several best practices. Make sure you follow professional medical or legal guidelines, and don't hesitate to lean on your support network."
Transition context,I'm a trans woman building a new wardrobe. Where should I start? I need to do this this week.,"That's an important step! Regarding wardrobe, there are several best practices. Make sure you follow professional medical or legal guidelines, and don't hesitate to lean on your support network."
Transition context,I'm a trans woman building a new wardrobe. Where should I start? I need to do this recently.,"That's an important step! Regarding wardrobe, there are several best practices. Make sure you follow professional medical or legal guidelines, and don't hesitate to lean on your support network."
Transition context,I'm a trans woman building a new wardrobe. Where should I start? I need to do this soon.,"That's an important step! Regarding wardrobe, there are several best practices. Make sure you follow professional medical or legal guidelines, and don't hesitate to lean on your support network."
Transition context,I'm a trans woman building a new wardrobe. Where should I start? I need to do this in a few days.,"That's an important step! Regarding wardrobe, there are several best practices. Make sure you follow professional medical or legal guidelines, and don't hesitate to lean on your support network."
Transition context,I'm a trans woman building a new wardrobe. Where should I start? I need to do this next month.,"That's an important step! Regarding wardrobe, there are several best practices. Make sure you follow professional medical or legal guidelines, and don't hesitate to lean on your support network."
Transition context,How do I explain my gender transition to my young niece? I need to do this this week.,"That's an important step! Regarding family, there are several best practices. Make sure you follow professional medical or legal guidelines, and don't hesitate to lean on your support network."
Transition context,How do I explain my gender transition to my young niece? I need to do this recently.,"That's an important step! Regarding family, there are several best practices. Make sure you follow professional medical or legal guidelines, and don't hesitate to lean on your support network."
Transition context,How do I explain my gender transition to my young niece? I need to do this soon.,"That's an important step! Regarding family, there are several best practices. Make sure you follow professional medical or legal guidelines, and don't hesitate to lean on your support network."
Transition context,How do I explain my gender transition to my young niece? I need to do this in a few days.,"That's an important step! Regarding family, there are several best practices. Make sure you follow professional medical or legal guidelines, and don't hesitate to lean on your support network."
Transition context,How do I explain my gender transition to my young niece? I need to do this next month.,"That's an important step! Regarding family, there are several best practices. Make sure you follow professional medical or legal guidelines, and don't hesitate to lean on your support network."
Queer media,Can you recommend a good sci-fi book or movie that features a lesbian lead character?,"Absolutely! The sci-fi genre has seen a lot of great new releases recently. Look into authors and directors who specifically highlight a lesbian lead character for some excellent, authentic storytelling."
Queer media,Can you recommend a good sci-fi book or movie that features a gay romance subplot?,"Absolutely! The sci-fi genre has seen a lot of great new releases recently. Look into authors and directors who specifically highlight a gay romance subplot for some excellent, authentic storytelling."
Queer media,Can you recommend a good sci-fi book or movie that features a non-binary protagonist?,"Absolutely! The sci-fi genre has seen a lot of great new releases recently. Look into authors and directors who specifically highlight a non-binary protagonist for some excellent, authentic storytelling."
Queer media,Can you recommend a good sci-fi book or movie that features transgender representation?,"Absolutely! The sci-fi genre has seen a lot of great new releases recently. Look into authors and directors who specifically highlight transgender representation for some excellent, authentic storytelling."
Queer media,Can you recommend a good sci-fi book or movie that features an asexual main character?,"Absolutely! The sci-fi genre has seen a lot of great new releases recently. Look into authors and directors who specifically highlight an asexual main character for some excellent, authentic storytelling."
Queer media,Can you recommend a good fantasy book or movie that features a lesbian lead character?,"Absolutely! The fantasy genre has seen a lot of great new releases recently. Look into authors and directors who specifically highlight a lesbian lead character for some excellent, authentic storytelling."
Queer media,Can you recommend a good fantasy book or movie that features a gay romance subplot?,"Absolutely! The fantasy genre has seen a lot of great new releases recently. Look into authors and directors who specifically highlight a gay romance subplot for some excellent, authentic storytelling."
Queer media,Can you recommend a good fantasy book or movie that features a non-binary protagonist?,"Absolutely! The fantasy genre has seen a lot of great new releases recently. Look into authors and directors who specifically highlight a non-binary protagonist for some excellent, authentic storytelling."
Queer media,Can you recommend a good fantasy book or movie that features transgender representation?,"Absolutely! The fantasy genre has seen a lot of great new releases recently. Look into authors and directors who specifically highlight transgender representation for some excellent, authentic storytelling."
Queer media,Can you recommend a good fantasy book or movie that features an asexual main character?,"Absolutely! The fantasy genre has seen a lot of great new releases recently. Look into authors and directors who specifically highlight an asexual main character for some excellent, authentic storytelling."
Queer media,Can you recommend a good romance book or movie that features a lesbian lead character?,"Absolutely! The romance genre has seen a lot of great new releases recently. Look into authors and directors who specifically highlight a lesbian lead character for some excellent, authentic storytelling."
Queer media,Can you recommend a good romance book or movie that features a gay romance subplot?,"Absolutely! The romance genre has seen a lot of great new releases recently. Look into authors and directors who specifically highlight a gay romance subplot for some excellent, authentic storytelling."
Queer media,Can you recommend a good romance book or movie that features a non-binary protagonist?,"Absolutely! The romance genre has seen a lot of great new releases recently. Look into authors and directors who specifically highlight a non-binary protagonist for some excellent, authentic storytelling."
Queer media,Can you recommend a good romance book or movie that features transgender representation?,"Absolutely! The romance genre has seen a lot of great new releases recently. Look into authors and directors who specifically highlight transgender representation for some excellent, authentic storytelling."
Queer media,Can you recommend a good romance book or movie that features an asexual main character?,"Absolutely! The romance genre has seen a lot of great new releases recently. Look into authors and directors who specifically highlight an asexual main character for some excellent, authentic storytelling."
Queer media,Can you recommend a good mystery book or movie that features a lesbian lead character?,"Absolutely! The mystery genre has seen a lot of great new releases recently. Look into authors and directors who specifically highlight a lesbian lead character for some excellent, authentic storytelling."
Queer media,Can you recommend a good mystery book or movie that features a gay romance subplot?,"Absolutely! The mystery genre has seen a lot of great new releases recently. Look into authors and directors who specifically highlight a gay romance subplot for some excellent, authentic storytelling."
Queer media,Can you recommend a good mystery book or movie that features a non-binary protagonist?,"Absolutely! The mystery genre has seen a lot of great new releases recently. Look into authors and directors who specifically highlight a non-binary protagonist for some excellent, authentic storytelling."
Queer media,Can you recommend a good mystery book or movie that features transgender representation?,"Absolutely! The mystery genre has seen a lot of great new releases recently. Look into authors and directors who specifically highlight transgender representation for some excellent, authentic storytelling."
Queer media,Can you recommend a good mystery book or movie that features an asexual main character?,"Absolutely! The mystery genre has seen a lot of great new releases recently. Look into authors and directors who specifically highlight an asexual main character for some excellent, authentic storytelling."
Queer media,Can you recommend a good historical fiction book or movie that features a lesbian lead character?,"Absolutely! The historical fiction genre has seen a lot of great new releases recently. Look into authors and directors who specifically highlight a lesbian lead character for some excellent, authentic storytelling."
Queer media,Can you recommend a good historical fiction book or movie that features a gay romance subplot?,"Absolutely! The historical fiction genre has seen a lot of great new releases recently. Look into authors and directors who specifically highlight a gay romance subplot for some excellent, authentic storytelling."
Queer media,Can you recommend a good historical fiction book or movie that features a non-binary protagonist?,"Absolutely! The historical fiction genre has seen a lot of great new releases recently. Look into authors and directors who specifically highlight a non-binary protagonist for some excellent, authentic storytelling."
Queer media,Can you recommend a good historical fiction book or movie that features transgender representation?,"Absolutely! The historical fiction genre has seen a lot of great new releases recently. Look into authors and directors who specifically highlight transgender representation for some excellent, authentic storytelling."
Queer media,Can you recommend a good historical fiction book or movie that features an asexual main character?,"Absolutely! The historical fiction genre has seen a lot of great new releases recently. Look into authors and directors who specifically highlight an asexual main character for some excellent, authentic storytelling."
Queer media,Can you recommend a good thriller book or movie that features a lesbian lead character?,"Absolutely! The thriller genre has seen a lot of great new releases recently. Look into authors and directors who specifically highlight a lesbian lead character for some excellent, authentic storytelling."
Queer media,Can you recommend a good thriller book or movie that features a gay romance subplot?,"Absolutely! The thriller genre has seen a lot of great new releases recently. Look into authors and directors who specifically highlight a gay romance subplot for some excellent, authentic storytelling."
Queer media,Can you recommend a good thriller book or movie that features a non-binary protagonist?,"Absolutely! The thriller genre has seen a lot of great new releases recently. Look into authors and directors who specifically highlight a non-binary protagonist for some excellent, authentic storytelling."
Queer media,Can you recommend a good thriller book or movie that features transgender representation?,"Absolutely! The thriller genre has seen a lot of great new releases recently. Look into authors and directors who specifically highlight transgender representation for some excellent, authentic storytelling."
Queer media,Can you recommend a good thriller book or movie that features an asexual main character?,"Absolutely! The thriller genre has seen a lot of great new releases recently. Look into authors and directors who specifically highlight an asexual main character for some excellent, authentic storytelling."
Queer media,Can you recommend a good comedy book or movie that features a lesbian lead character?,"Absolutely! The comedy genre has seen a lot of great new releases recently. Look into authors and directors who specifically highlight a lesbian lead character for some excellent, authentic storytelling."
Queer media,Can you recommend a good comedy book or movie that features a gay romance subplot?,"Absolutely! The comedy genre has seen a lot of great new releases recently. Look into authors and directors who specifically highlight a gay romance subplot for some excellent, authentic storytelling."
Queer media,Can you recommend a good comedy book or movie that features a non-binary protagonist?,"Absolutely! The comedy genre has seen a lot of great new releases recently. Look into authors and directors who specifically highlight a non-binary protagonist for some excellent, authentic storytelling."
Queer media,Can you recommend a good comedy book or movie that features transgender representation?,"Absolutely! The comedy genre has seen a lot of great new releases recently. Look into authors and directors who specifically highlight transgender representation for some excellent, authentic storytelling."
Queer media,Can you recommend a good comedy book or movie that features an asexual main character?,"Absolutely! The comedy genre has seen a lot of great new releases recently. Look into authors and directors who specifically highlight an asexual main character for some excellent, authentic storytelling."
Queer media,Can you recommend a good drama book or movie that features a lesbian lead character?,"Absolutely! The drama genre has seen a lot of great new releases recently. Look into authors and directors who specifically highlight a lesbian lead character for some excellent, authentic storytelling."
Queer media,Can you recommend a good drama book or movie that features a gay romance subplot?,"Absolutely! The drama genre has seen a lot of great new releases recently. Look into authors and directors who specifically highlight a gay romance subplot for some excellent, authentic storytelling."
Queer media,Can you recommend a good drama book or movie that features a non-binary protagonist?,"Absolutely! The drama genre has seen a lot of great new releases recently. Look into authors and directors who specifically highlight a non-binary protagonist for some excellent, authentic storytelling."
Queer media,Can you recommend a good drama book or movie that features transgender representation?,"Absolutely! The drama genre has seen a lot of great new releases recently. Look into authors and directors who specifically highlight transgender representation for some excellent, authentic storytelling."
Queer media,Can you recommend a good drama book or movie that features an asexual main character?,"Absolutely! The drama genre has seen a lot of great new releases recently. Look into authors and directors who specifically highlight an asexual main character for some excellent, authentic storytelling."
Queer history,What was the main impact of the Stonewall Riots?,the Stonewall Riots is a significant part of LGBTQ+ history. It played a crucial role in advancing civil rights and shaping the modern culture of the community.
Queer history,Can you explain the significance of the Stonewall Riots?,the Stonewall Riots is a significant part of LGBTQ+ history. It played a crucial role in advancing civil rights and shaping the modern culture of the community.
Queer history,Who was involved in the Stonewall Riots?,the Stonewall Riots is a significant part of LGBTQ+ history. It played a crucial role in advancing civil rights and shaping the modern culture of the community.
Queer history,What led to the Stonewall Riots?,the Stonewall Riots is a significant part of LGBTQ+ history. It played a crucial role in advancing civil rights and shaping the modern culture of the community.
Queer history,What was the main impact of Marsha P. Johnson?,Marsha P. Johnson is a significant part of LGBTQ+ history. It played a crucial role in advancing civil rights and shaping the modern culture of the community.
Queer history,Can you explain the significance of Marsha P. Johnson?,Marsha P. Johnson is a significant part of LGBTQ+ history. It played a crucial role in advancing civil rights and shaping the modern culture of the community.
Queer history,Who was involved in Marsha P. Johnson?,Marsha P. Johnson is a significant part of LGBTQ+ history. It played a crucial role in advancing civil rights and shaping the modern culture of the community.
Queer history,What led to Marsha P. Johnson?,Marsha P. Johnson is a significant part of LGBTQ+ history. It played a crucial role in advancing civil rights and shaping the modern culture of the community.
Queer history,What was the main impact of the creation of the Pride flag?,the creation of the Pride flag is a significant part of LGBTQ+ history. It played a crucial role in advancing civil rights and shaping the modern culture of the community.
Queer history,Can you explain the significance of the creation of the Pride flag?,the creation of the Pride flag is a significant part of LGBTQ+ history. It played a crucial role in advancing civil rights and shaping the modern culture of the community.
Queer history,Who was involved in the creation of the Pride flag?,the creation of the Pride flag is a significant part of LGBTQ+ history. It played a crucial role in advancing civil rights and shaping the modern culture of the community.
Queer history,What led to the creation of the Pride flag?,the creation of the Pride flag is a significant part of LGBTQ+ history. It played a crucial role in advancing civil rights and shaping the modern culture of the community.
Queer history,What was the main impact of the history of the pink triangle?,the history of the pink triangle is a significant part of LGBTQ+ history. It played a crucial role in advancing civil rights and shaping the modern culture of the community.
Queer history,Can you explain the significance of the history of the pink triangle?,the history of the pink triangle is a significant part of LGBTQ+ history. It played a crucial role in advancing civil rights and shaping the modern culture of the community.
Queer history,Who was involved in the history of the pink triangle?,the history of the pink triangle is a significant part of LGBTQ+ history. It played a crucial role in advancing civil rights and shaping the modern culture of the community.
Queer history,What led to the history of the pink triangle?,the history of the pink triangle is a significant part of LGBTQ+ history. It played a crucial role in advancing civil rights and shaping the modern culture of the community.
Queer history,What was the main impact of the Lavender Scare?,the Lavender Scare is a significant part of LGBTQ+ history. It played a crucial role in advancing civil rights and shaping the modern culture of the community.
Queer history,Can you explain the significance of the Lavender Scare?,the Lavender Scare is a significant part of LGBTQ+ history. It played a crucial role in advancing civil rights and shaping the modern culture of the community.
Queer history,Who was involved in the Lavender Scare?,the Lavender Scare is a significant part of LGBTQ+ history. It played a crucial role in advancing civil rights and shaping the modern culture of the community.
Queer history,What led to the Lavender Scare?,the Lavender Scare is a significant part of LGBTQ+ history. It played a crucial role in advancing civil rights and shaping the modern culture of the community.
Queer history,What was the main impact of Harvey Milk's legacy?,Harvey Milk's legacy is a significant part of LGBTQ+ history. It played a crucial role in advancing civil rights and shaping the modern culture of the community.
Queer history,Can you explain the significance of Harvey Milk's legacy?,Harvey Milk's legacy is a significant part of LGBTQ+ history. It played a crucial role in advancing civil rights and shaping the modern culture of the community.
Queer history,Who was involved in Harvey Milk's legacy?,Harvey Milk's legacy is a significant part of LGBTQ+ history. It played a crucial role in advancing civil rights and shaping the modern culture of the community.
Queer history,What led to Harvey Milk's legacy?,Harvey Milk's legacy is a significant part of LGBTQ+ history. It played a crucial role in advancing civil rights and shaping the modern culture of the community.
Queer history,What was the main impact of the origins of the ballroom culture?,the origins of the ballroom culture is a significant part of LGBTQ+ history. It played a crucial role in advancing civil rights and shaping the modern culture of the community.
Queer history,Can you explain the significance of the origins of the ballroom culture?,the origins of the ballroom culture is a significant part of LGBTQ+ history. It played a crucial role in advancing civil rights and shaping the modern culture of the community.
Queer history,Who was involved in the origins of the ballroom culture?,the origins of the ballroom culture is a significant part of LGBTQ+ history. It played a crucial role in advancing civil rights and shaping the modern culture of the community.
Queer history,What led to the origins of the ballroom culture?,the origins of the ballroom culture is a significant part of LGBTQ+ history. It played a crucial role in advancing civil rights and shaping the modern culture of the community.
Queer history,What was the main impact of the Compton's Cafeteria riot?,the Compton's Cafeteria riot is a significant part of LGBTQ+ history. It played a crucial role in advancing civil rights and shaping the modern culture of the community.
Queer history,Can you explain the significance of the Compton's Cafeteria riot?,the Compton's Cafeteria riot is a significant part of LGBTQ+ history. It played a crucial role in advancing civil rights and shaping the modern culture of the community.
Queer history,Who was involved in the Compton's Cafeteria riot?,the Compton's Cafeteria riot is a significant part of LGBTQ+ history. It played a crucial role in advancing civil rights and shaping the modern culture of the community.
Queer history,What led to the Compton's Cafeteria riot?,the Compton's Cafeteria riot is a significant part of LGBTQ+ history. It played a crucial role in advancing civil rights and shaping the modern culture of the community.
Queer history,What was the main impact of the legalization of same-sex marriage?,the legalization of same-sex marriage is a significant part of LGBTQ+ history. It played a crucial role in advancing civil rights and shaping the modern culture of the community.
Queer history,Can you explain the significance of the legalization of same-sex marriage?,the legalization of same-sex marriage is a significant part of LGBTQ+ history. It played a crucial role in advancing civil rights and shaping the modern culture of the community.
Queer history,Who was involved in the legalization of same-sex marriage?,the legalization of same-sex marriage is a significant part of LGBTQ+ history. It played a crucial role in advancing civil rights and shaping the modern culture of the community.
Queer history,What led to the legalization of same-sex marriage?,the legalization of same-sex marriage is a significant part of LGBTQ+ history. It played a crucial role in advancing civil rights and shaping the modern culture of the community.
Queer history,What was the main impact of the history of LGBT rights in Europe?,the history of LGBT rights in Europe is a significant part of LGBTQ+ history. It played a crucial role in advancing civil rights and shaping the modern culture of the community.
Queer history,Can you explain the significance of the history of LGBT rights in Europe?,the history of LGBT rights in Europe is a significant part of LGBTQ+ history. It played a crucial role in advancing civil rights and shaping the modern culture of the community.
Queer history,Who was involved in the history of LGBT rights in Europe?,the history of LGBT rights in Europe is a significant part of LGBTQ+ history. It played a crucial role in advancing civil rights and shaping the modern culture of the community.
Queer history,What led to the history of LGBT rights in Europe?,the history of LGBT rights in Europe is a significant part of LGBTQ+ history. It played a crucial role in advancing civil rights and shaping the modern culture of the community.
Coming out advice,I want to come out as bisexual to my grandparents. Do you have any advice on how to start the conversation?,"Coming out as bisexual to my grandparents can feel daunting. It's best to choose a calm, private moment. Speak from the heart, and remember that it's okay to give them time to process the information."
Coming out advice,I want to come out as pansexual to my grandparents. Do you have any advice on how to start the conversation?,"Coming out as pansexual to my grandparents can feel daunting. It's best to choose a calm, private moment. Speak from the heart, and remember that it's okay to give them time to process the information."
Coming out advice,I want to come out as asexual to my grandparents. Do you have any advice on how to start the conversation?,"Coming out as asexual to my grandparents can feel daunting. It's best to choose a calm, private moment. Speak from the heart, and remember that it's okay to give them time to process the information."
Coming out advice,I want to come out as queer to my grandparents. Do you have any advice on how to start the conversation?,"Coming out as queer to my grandparents can feel daunting. It's best to choose a calm, private moment. Speak from the heart, and remember that it's okay to give them time to process the information."
Coming out advice,I want to come out as gay to my grandparents. Do you have any advice on how to start the conversation?,"Coming out as gay to my grandparents can feel daunting. It's best to choose a calm, private moment. Speak from the heart, and remember that it's okay to give them time to process the information."
Coming out advice,I want to come out as lesbian to my grandparents. Do you have any advice on how to start the conversation?,"Coming out as lesbian to my grandparents can feel daunting. It's best to choose a calm, private moment. Speak from the heart, and remember that it's okay to give them time to process the information."
Coming out advice,I want to come out as non-binary to my grandparents. Do you have any advice on how to start the conversation?,"Coming out as non-binary to my grandparents can feel daunting. It's best to choose a calm, private moment. Speak from the heart, and remember that it's okay to give them time to process the information."
Coming out advice,I want to come out as transgender to my grandparents. Do you have any advice on how to start the conversation?,"Coming out as transgender to my grandparents can feel daunting. It's best to choose a calm, private moment. Speak from the heart, and remember that it's okay to give them time to process the information."
Coming out advice,I want to come out as bisexual to my conservative boss. Do you have any advice on how to start the conversation?,"Coming out as bisexual to my conservative boss can feel daunting. It's best to choose a calm, private moment. Speak from the heart, and remember that it's okay to give them time to process the information."
Coming out advice,I want to come out as pansexual to my conservative boss. Do you have any advice on how to start the conversation?,"Coming out as pansexual to my conservative boss can feel daunting. It's best to choose a calm, private moment. Speak from the heart, and remember that it's okay to give them time to process the information."
Coming out advice,I want to come out as asexual to my conservative boss. Do you have any advice on how to start the conversation?,"Coming out as asexual to my conservative boss can feel daunting. It's best to choose a calm, private moment. Speak from the heart, and remember that it's okay to give them time to process the information."
Coming out advice,I want to come out as queer to my conservative boss. Do you have any advice on how to start the conversation?,"Coming out as queer to my conservative boss can feel daunting. It's best to choose a calm, private moment. Speak from the heart, and remember that it's okay to give them time to process the information."
Coming out advice,I want to come out as gay to my conservative boss. Do you have any advice on how to start the conversation?,"Coming out as gay to my conservative boss can feel daunting. It's best to choose a calm, private moment. Speak from the heart, and remember that it's okay to give them time to process the information."
Coming out advice,I want to come out as lesbian to my conservative boss. Do you have any advice on how to start the conversation?,"Coming out as lesbian to my conservative boss can feel daunting. It's best to choose a calm, private moment. Speak from the heart, and remember that it's okay to give them time to process the information."
Coming out advice,I want to come out as non-binary to my conservative boss. Do you have any advice on how to start the conversation?,"Coming out as non-binary to my conservative boss can feel daunting. It's best to choose a calm, private moment. Speak from the heart, and remember that it's okay to give them time to process the information."
Coming out advice,I want to come out as transgender to my conservative boss. Do you have any advice on how to start the conversation?,"Coming out as transgender to my conservative boss can feel daunting. It's best to choose a calm, private moment. Speak from the heart, and remember that it's okay to give them time to process the information."
Coming out advice,I want to come out as bisexual to my younger sibling. Do you have any advice on how to start the conversation?,"Coming out as bisexual to my younger sibling can feel daunting. It's best to choose a calm, private moment. Speak from the heart, and remember that it's okay to give them time to process the information."
Coming out advice,I want to come out as pansexual to my younger sibling. Do you have any advice on how to start the conversation?,"Coming out as pansexual to my younger sibling can feel daunting. It's best to choose a calm, private moment. Speak from the heart, and remember that it's okay to give them time to process the information."
Coming out advice,I want to come out as asexual to my younger sibling. Do you have any advice on how to start the conversation?,"Coming out as asexual to my younger sibling can feel daunting. It's best to choose a calm, private moment. Speak from the heart, and remember that it's okay to give them time to process the information."
Coming out advice,I want to come out as queer to my younger sibling. Do you have any advice on how to start the conversation?,"Coming out as queer to my younger sibling can feel daunting. It's best to choose a calm, private moment. Speak from the heart, and remember that it's okay to give them time to process the information."
Coming out advice,I want to come out as gay to my younger sibling. Do you have any advice on how to start the conversation?,"Coming out as gay to my younger sibling can feel daunting. It's best to choose a calm, private moment. Speak from the heart, and remember that it's okay to give them time to process the information."
Coming out advice,I want to come out as lesbian to my younger sibling. Do you have any advice on how to start the conversation?,"Coming out as lesbian to my younger sibling can feel daunting. It's best to choose a calm, private moment. Speak from the heart, and remember that it's okay to give them time to process the information."
Coming out advice,I want to come out as non-binary to my younger sibling. Do you have any advice on how to start the conversation?,"Coming out as non-binary to my younger sibling can feel daunting. It's best to choose a calm, private moment. Speak from the heart, and remember that it's okay to give them time to process the information."
Coming out advice,I want to come out as transgender to my younger sibling. Do you have any advice on how to start the conversation?,"Coming out as transgender to my younger sibling can feel daunting. It's best to choose a calm, private moment. Speak from the heart, and remember that it's okay to give them time to process the information."
Coming out advice,I want to come out as bisexual to my best friend. Do you have any advice on how to start the conversation?,"Coming out as bisexual to my best friend can feel daunting. It's best to choose a calm, private moment. Speak from the heart, and remember that it's okay to give them time to process the information."
Coming out advice,I want to come out as pansexual to my best friend. Do you have any advice on how to start the conversation?,"Coming out as pansexual to my best friend can feel daunting. It's best to choose a calm, private moment. Speak from the heart, and remember that it's okay to give them time to process the information."
Coming out advice,I want to come out as asexual to my best friend. Do you have any advice on how to start the conversation?,"Coming out as asexual to my best friend can feel daunting. It's best to choose a calm, private moment. Speak from the heart, and remember that it's okay to give them time to process the information."
Coming out advice,I want to come out as queer to my best friend. Do you have any advice on how to start the conversation?,"Coming out as queer to my best friend can feel daunting. It's best to choose a calm, private moment. Speak from the heart, and remember that it's okay to give them time to process the information."
Coming out advice,I want to come out as gay to my best friend. Do you have any advice on how to start the conversation?,"Coming out as gay to my best friend can feel daunting. It's best to choose a calm, private moment. Speak from the heart, and remember that it's okay to give them time to process the information."
Coming out advice,I want to come out as lesbian to my best friend. Do you have any advice on how to start the conversation?,"Coming out as lesbian to my best friend can feel daunting. It's best to choose a calm, private moment. Speak from the heart, and remember that it's okay to give them time to process the information."
Coming out advice,I want to come out as non-binary to my best friend. Do you have any advice on how to start the conversation?,"Coming out as non-binary to my best friend can feel daunting. It's best to choose a calm, private moment. Speak from the heart, and remember that it's okay to give them time to process the information."
Coming out advice,I want to come out as transgender to my best friend. Do you have any advice on how to start the conversation?,"Coming out as transgender to my best friend can feel daunting. It's best to choose a calm, private moment. Speak from the heart, and remember that it's okay to give them time to process the information."
Coming out advice,I want to come out as bisexual to my religious family. Do you have any advice on how to start the conversation?,"Coming out as bisexual to my religious family can feel daunting. It's best to choose a calm, private moment. Speak from the heart, and remember that it's okay to give them time to process the information."
Coming out advice,I want to come out as pansexual to my religious family. Do you have any advice on how to start the conversation?,"Coming out as pansexual to my religious family can feel daunting. It's best to choose a calm, private moment. Speak from the heart, and remember that it's okay to give them time to process the information."
Coming out advice,I want to come out as asexual to my religious family. Do you have any advice on how to start the conversation?,"Coming out as asexual to my religious family can feel daunting. It's best to choose a calm, private moment. Speak from the heart, and remember that it's okay to give them time to process the information."
Coming out advice,I want to come out as queer to my religious family. Do you have any advice on how to start the conversation?,"Coming out as queer to my religious family can feel daunting. It's best to choose a calm, private moment. Speak from the heart, and remember that it's okay to give them time to process the information."
Coming out advice,I want to come out as gay to my religious family. Do you have any advice on how to start the conversation?,"Coming out as gay to my religious family can feel daunting. It's best to choose a calm, private moment. Speak from the heart, and remember that it's okay to give them time to process the information."
Coming out advice,I want to come out as lesbian to my religious family. Do you have any advice on how to start the conversation?,"Coming out as lesbian to my religious family can feel daunting. It's best to choose a calm, private moment. Speak from the heart, and remember that it's okay to give them time to process the information."
Coming out advice,I want to come out as non-binary to my religious family. Do you have any advice on how to start the conversation?,"Coming out as non-binary to my religious family can feel daunting. It's best to choose a calm, private moment. Speak from the heart, and remember that it's okay to give them time to process the information."
Coming out advice,I want to come out as transgender to my religious family. Do you have any advice on how to start the conversation?,"Coming out as transgender to my religious family can feel daunting. It's best to choose a calm, private moment. Speak from the heart, and remember that it's okay to give them time to process the information."
